player,pick rank,year,college,url,height (cm),weight (lb),uni_url
Anthony Davis,1,2012,Kentucky,https://www.basketball-reference.com//players/d/davisan02.html,208.3,253,https://www.sports-reference.com/cbb/players/anthony-davis-5.html
Michael Kidd-Gilchrist,2,2012,Kentucky,https://www.basketball-reference.com//players/k/kiddgmi01.html,198.1,232,https://www.sports-reference.com/cbb/players/michael-kidd-gilchrist-1.html
Bradley Beal,3,2012,Florida,https://www.basketball-reference.com//players/b/bealbr01.html,190.5,207,https://www.sports-reference.com/cbb/players/bradley-beal-1.html
Dion Waiters,4,2012,Syracuse,https://www.basketball-reference.com//players/w/waitedi01.html,190.5,215,https://www.sports-reference.com/cbb/players/dion-waiters-1.html
Thomas Robinson,5,2012,Kansas,https://www.basketball-reference.com//players/r/robinth01.html,208.3,237,https://www.sports-reference.com/cbb/players/thomas-robinson-2.html
Damian Lillard,6,2012,Weber State,https://www.basketball-reference.com//players/l/lillada01.html,188.0,195,https://www.sports-reference.com/cbb/players/damian-lillard-1.html
Harrison Barnes,7,2012,UNC,https://www.basketball-reference.com//players/b/barneha02.html,203.2,225,https://www.sports-reference.com/cbb/players/harrison-barnes-1.html
Terrence Ross,8,2012,Washington,https://www.basketball-reference.com//players/r/rosste01.html,198.1,206,https://www.sports-reference.com/cbb/players/terrence-ross-1.html
Andre Drummond,9,2012,UConn,https://www.basketball-reference.com//players/d/drumman01.html,208.3,279,https://www.sports-reference.com/cbb/players/andre-drummond-1.html
Austin Rivers,10,2012,Duke,https://www.basketball-reference.com//players/r/riverau01.html,193.0,200,https://www.sports-reference.com/cbb/players/austin-rivers-1.html
Meyers Leonard,11,2012,Illinois,https://www.basketball-reference.com//players/l/leoname01.html,213.4,260,https://www.sports-reference.com/cbb/players/meyers-leonard-1.html
Jeremy Lamb,12,2012,UConn,https://www.basketball-reference.com//players/l/lambje01.html,195.6,180,https://www.sports-reference.com/cbb/players/jeremy-lamb-1.html
Kendall Marshall,13,2012,UNC,https://www.basketball-reference.com//players/m/marshke01.html,193.0,200,https://www.sports-reference.com/cbb/players/kendall-marshall-1.html
John Henson,14,2012,UNC,https://www.basketball-reference.com//players/h/hensojo01.html,205.7,219,https://www.sports-reference.com/cbb/players/john-henson-1.html
Maurice Harkless,15,2012,St. John's,https://www.basketball-reference.com//players/h/harklma01.html,200.7,220,https://www.sports-reference.com/cbb/players/maurice-harkless-1.html
Royce White,16,2012,Iowa State,https://www.basketball-reference.com//players/w/whitero03.html,203.2,270,https://www.sports-reference.com/cbb/players/royce-white-1.html
Tyler Zeller,17,2012,UNC,https://www.basketball-reference.com//players/z/zellety01.html,213.4,253,https://www.sports-reference.com/cbb/players/tyler-zeller-1.html
Terrence Jones,18,2012,Kentucky,https://www.basketball-reference.com//players/j/joneste01.html,205.7,252,https://www.sports-reference.com/cbb/players/terrence-jones-1.html
Andrew Nicholson,19,2012,St. Bonaventure,https://www.basketball-reference.com//players/n/nichoan01.html,205.7,250,https://www.sports-reference.com/cbb/players/andrew-nicholson-1.html
Evan Fournier,20,2012,,https://www.basketball-reference.com//players/f/fournev01.html,200.7,205,
Jared Sullinger,21,2012,Ohio State,https://www.basketball-reference.com//players/s/sullija01.html,205.7,260,https://www.sports-reference.com/cbb/players/jared-sullinger-1.html
Fab Melo,22,2012,Syracuse,https://www.basketball-reference.com//players/m/melofa01.html,213.4,255,https://www.sports-reference.com/cbb/players/fab-melo-1.html
John Jenkins,23,2012,Vanderbilt,https://www.basketball-reference.com//players/j/jenkijo01.html,193.0,215,https://www.sports-reference.com/cbb/players/john-jenkins-1.html
Jared Cunningham,24,2012,Oregon State,https://www.basketball-reference.com//players/c/cunnija01.html,193.0,195,https://www.sports-reference.com/cbb/players/jared-cunningham-2.html
Tony Wroten,25,2012,Washington,https://www.basketball-reference.com//players/w/wroteto01.html,198.1,205,https://www.sports-reference.com/cbb/players/tony-wroten-1.html
Miles Plumlee,26,2012,Duke,https://www.basketball-reference.com//players/p/plumlmi01.html,210.8,249,https://www.sports-reference.com/cbb/players/miles-plumlee-1.html
Arnett Moultrie,27,2012,Mississippi State,https://www.basketball-reference.com//players/m/moultar01.html,210.8,249,https://www.sports-reference.com/cbb/players/arnett-moultrie-1.html
Perry Jones,28,2012,Baylor,https://www.basketball-reference.com//players/j/jonespe01.html,210.8,235,https://www.sports-reference.com/cbb/players/perry-jones-1.html
Marquis Teague,29,2012,Kentucky,https://www.basketball-reference.com//players/t/teaguma01.html,188.0,189,https://www.sports-reference.com/cbb/players/marquis-teague-1.html
Festus Ezeli,30,2012,Vanderbilt,https://www.basketball-reference.com//players/e/ezelife01.html,210.8,255,https://www.sports-reference.com/cbb/players/festus-ezeli-1.html
Jeff Taylor,31,2012,Vanderbilt,https://www.basketball-reference.com//players/t/tayloje03.html,200.7,225,https://www.sports-reference.com/cbb/players/jeffery-taylor-1.html
Tomáš Satoranský,32,2012,,https://www.basketball-reference.com//players/s/satorto01.html,200.7,210,
Bernard James,33,2012,Florida State,https://www.basketball-reference.com//players/j/jamesbe01.html,208.3,240,https://www.sports-reference.com/cbb/players/bernard-james--1.html
Jae Crowder,34,2012,Marquette,https://www.basketball-reference.com//players/c/crowdja01.html,198.1,235,https://www.sports-reference.com/cbb/players/jae-crowder-1.html
Draymond Green,35,2012,Michigan State,https://www.basketball-reference.com//players/g/greendr01.html,198.1,230,https://www.sports-reference.com/cbb/players/draymond-green-1.html
Orlando Johnson,36,2012,UC Santa Barbara,https://www.basketball-reference.com//players/j/johnsor01.html,195.6,220,https://www.sports-reference.com/cbb/players/orlando-johnson-1.html
Quincy Acy,37,2012,Baylor,https://www.basketball-reference.com//players/a/acyqu01.html,200.7,240,https://www.sports-reference.com/cbb/players/quincy-acy-1.html
Quincy Miller,38,2012,Baylor,https://www.basketball-reference.com//players/m/millequ01.html,205.7,210,https://www.sports-reference.com/cbb/players/quincy-miller-1.html
Khris Middleton,39,2012,Texas A&M,https://www.basketball-reference.com//players/m/middlkh01.html,200.7,222,https://www.sports-reference.com/cbb/players/khris-middleton-1.html
Will Barton,40,2012,Memphis,https://www.basketball-reference.com//players/b/bartowi01.html,198.1,181,https://www.sports-reference.com/cbb/players/will-barton-1.html
Tyshawn Taylor,41,2012,Kansas,https://www.basketball-reference.com//players/t/tayloty01.html,190.5,185,https://www.sports-reference.com/cbb/players/tyshawn-taylor-1.html
Doron Lamb,42,2012,Kentucky,https://www.basketball-reference.com//players/l/lambdo01.html,193.0,210,https://www.sports-reference.com/cbb/players/doron-lamb-1.html
Mike Scott,43,2012,Virginia,https://www.basketball-reference.com//players/s/scottmi01.html,200.7,237,https://www.sports-reference.com/cbb/players/mike-scott-4.html
Kim English,44,2012,Missouri,https://www.basketball-reference.com//players/e/engliki01.html,198.1,200,https://www.sports-reference.com/cbb/players/kim-english-1.html
Justin Hamilton,45,2012,LSU,https://www.basketball-reference.com//players/h/hamilju01.html,213.4,260,https://www.sports-reference.com/cbb/players/justin-hamilton-2.html
Darius Miller,46,2012,Kentucky,https://www.basketball-reference.com//players/m/milleda01.html,198.1,225,https://www.sports-reference.com/cbb/players/darius-miller-1.html
Kevin Murphy,47,2012,Tennessee Technological University,https://www.basketball-reference.com//players/m/murphke01.html,195.6,185,https://www.sports-reference.com/cbb/players/kevin-murphy-1.html
Kostas Papanikolaou,48,2012,,https://www.basketball-reference.com//players/p/papanko01.html,203.2,225,
Kyle O'Quinn,49,2012,Norfolk State,https://www.basketball-reference.com//players/o/oquinky01.html,205.7,250,https://www.sports-reference.com/cbb/players/kyle-oquinn-1.html
İzzet Türkyılmaz,50,2012,,https://www.basketball-reference.com//players/t/turkyiz01.html,213.4,210,
Kris Joseph,51,2012,Syracuse,https://www.basketball-reference.com//players/j/josepkr01.html,200.7,210,https://www.sports-reference.com/cbb/players/kris-joseph-1.html
Ognjen Kuzmić,52,2012,,https://www.basketball-reference.com//players/k/kuzmiog01.html,215.9,251,
Furkan Aldemir,53,2012,,https://www.basketball-reference.com//players/a/aldemfu01.html,208.3,240,
Tornike Shengelia,54,2012,,https://www.basketball-reference.com//players/s/shengto01.html,205.7,217,
Darius Johnson-Odom,55,2012,Marquette,https://www.basketball-reference.com//players/j/johnsda03.html,188.0,215,https://www.sports-reference.com/cbb/players/darius-johnson-odom-1.html
Tomislav Zubčić,56,2012,,https://www.basketball-reference.com//players/z/zubcito01.html,210.8,212,
İlkan Karaman,57,2012,,https://www.basketball-reference.com//players/k/karamil01.html,205.7,254,
Robbie Hummel,58,2012,Purdue,https://www.basketball-reference.com//players/h/hummero01.html,203.2,215,https://www.sports-reference.com/cbb/players/robbie-hummel-1.html
Marcus Denmon,59,2012,Missouri,https://www.basketball-reference.com//players/d/denmoma01.html,190.5,185,https://www.sports-reference.com/cbb/players/marcus-denmon-1.html
Robert Sacre,60,2012,Gonzaga,https://www.basketball-reference.com//players/s/sacrero01.html,213.4,270,https://www.sports-reference.com/cbb/players/robert-sacre-1.html
Anthony Bennett,1,2013,UNLV,https://www.basketball-reference.com//players/b/bennean01.html,203.2,245,https://www.sports-reference.com/cbb/players/anthony-bennett-1.html
Victor Oladipo,2,2013,Indiana,https://www.basketball-reference.com//players/o/oladivi01.html,193.0,213,https://www.sports-reference.com/cbb/players/victor-oladipo-1.html
Otto Porter,3,2013,Georgetown,https://www.basketball-reference.com//players/p/porteot01.html,203.2,198,https://www.sports-reference.com/cbb/players/otto-porter-1.html
Cody Zeller,4,2013,Indiana,https://www.basketball-reference.com//players/z/zelleco01.html,210.8,240,https://www.sports-reference.com/cbb/players/cody-zeller-1.html
Alex Len,5,2013,Maryland,https://www.basketball-reference.com//players/l/lenal01.html,213.4,250,https://www.sports-reference.com/cbb/players/alex-len-1.html
Nerlens Noel,6,2013,Kentucky,https://www.basketball-reference.com//players/n/noelne01.html,210.8,220,https://www.sports-reference.com/cbb/players/nerlens-noel-1.html
Ben McLemore,7,2013,Kansas,https://www.basketball-reference.com//players/m/mclembe01.html,190.5,195,https://www.sports-reference.com/cbb/players/ben-mclemore-1.html
Kentavious Caldwell-Pope,8,2013,Georgia,https://www.basketball-reference.com//players/c/caldwke01.html,195.6,204,https://www.sports-reference.com/cbb/players/kentavious-caldwell-pope-1.html
Trey Burke,9,2013,Michigan,https://www.basketball-reference.com//players/b/burketr01.html,182.9,185,https://www.sports-reference.com/cbb/players/trey-burke-1.html
CJ McCollum,10,2013,Lehigh,https://www.basketball-reference.com//players/m/mccolcj01.html,190.5,190,https://www.sports-reference.com/cbb/players/cj-mccollum-1.html
Michael Carter-Williams,11,2013,Syracuse,https://www.basketball-reference.com//players/c/cartemi01.html,195.6,190,https://www.sports-reference.com/cbb/players/michael-carter-williams-1.html
Steven Adams,12,2013,Pitt,https://www.basketball-reference.com//players/a/adamsst01.html,210.8,265,https://www.sports-reference.com/cbb/players/steven-adams-1.html
Kelly Olynyk,13,2013,Gonzaga,https://www.basketball-reference.com//players/o/olynyke01.html,210.8,240,https://www.sports-reference.com/cbb/players/kelly-olynyk-1.html
Shabazz Muhammad,14,2013,UCLA,https://www.basketball-reference.com//players/m/muhamsh01.html,198.1,223,https://www.sports-reference.com/cbb/players/shabazz-muhammad-1.html
Giannis Antetokounmpo,15,2013,,https://www.basketball-reference.com//players/a/antetgi01.html,210.8,242,
Lucas Nogueira,16,2013,,https://www.basketball-reference.com//players/n/noguelu01.html,213.4,241,
Dennis Schröder,17,2013,,https://www.basketball-reference.com//players/s/schrode01.html,190.5,172,
Shane Larkin,18,2013,Miami (FL),https://www.basketball-reference.com//players/l/larkish01.html,180.3,175,https://www.sports-reference.com/cbb/players/shane-larkin-1.html
Sergey Karasev,19,2013,,https://www.basketball-reference.com//players/k/karasse01.html,200.7,208,
Tony Snell,20,2013,New Mexico,https://www.basketball-reference.com//players/s/snellto01.html,198.1,213,https://www.sports-reference.com/cbb/players/tony-snell-1.html
Gorgui Dieng,21,2013,Louisville,https://www.basketball-reference.com//players/d/dienggo01.html,208.3,252,https://www.sports-reference.com/cbb/players/gorgui-dieng-1.html
Mason Plumlee,22,2013,Duke,https://www.basketball-reference.com//players/p/plumlma01.html,210.8,254,https://www.sports-reference.com/cbb/players/mason-plumlee-1.html
Solomon Hill,23,2013,Arizona,https://www.basketball-reference.com//players/h/hillso01.html,198.1,226,https://www.sports-reference.com/cbb/players/solomon-hill-1.html
Tim Hardaway Jr.,24,2013,Michigan,https://www.basketball-reference.com//players/h/hardati02.html,195.6,205,https://www.sports-reference.com/cbb/players/tim-hardaway-jr-1.html
Reggie Bullock,25,2013,UNC,https://www.basketball-reference.com//players/b/bullore01.html,198.1,205,https://www.sports-reference.com/cbb/players/reggie-bullock-2.html
Andre Roberson,26,2013,Colorado,https://www.basketball-reference.com//players/r/roberan03.html,200.7,210,https://www.sports-reference.com/cbb/players/andre-roberson-1.html
Rudy Gobert,27,2013,,https://www.basketball-reference.com//players/g/goberru01.html,215.9,258,
Livio Jean-Charles,28,2013,,https://www.basketball-reference.com//players/j/jeancli01.html,205.7,230,
Archie Goodwin,29,2013,Kentucky,https://www.basketball-reference.com//players/g/goodwar01.html,195.6,200,https://www.sports-reference.com/cbb/players/archie-goodwin-1.html
Nemanja Nedović,30,2013,,https://www.basketball-reference.com//players/n/nedovne01.html,190.5,192,
Allen Crabbe,31,2013,California,https://www.basketball-reference.com//players/c/crabbal01.html,195.6,212,https://www.sports-reference.com/cbb/players/allen-crabbe-1.html
Álex Abrines,32,2013,,https://www.basketball-reference.com//players/a/abrinal01.html,198.1,200,
Carrick Felix,33,2013,Arizona State,https://www.basketball-reference.com//players/f/felixca01.html,198.1,201,https://www.sports-reference.com/cbb/players/carrick-felix-1.html
Isaiah Canaan,34,2013,Murray State,https://www.basketball-reference.com//players/c/canaais01.html,182.9,201,https://www.sports-reference.com/cbb/players/isaiah-canaan-1.html
Glen Rice Jr.,35,2013,Georgia Tech,https://www.basketball-reference.com//players/r/ricegl02.html,198.1,206,https://www.sports-reference.com/cbb/players/glen-rice-jr-1.html
Ray McCallum,36,2013,Detroit Mercy,https://www.basketball-reference.com//players/m/mccalra01.html,190.5,190,https://www.sports-reference.com/cbb/players/ray-mccallum-2.html
Tony Mitchell,37,2013,University of North Texas,https://www.basketball-reference.com//players/m/mitchto02.html,203.2,235,https://www.sports-reference.com/cbb/players/tony-mitchell-4.html
Nate Wolters,38,2013,South Dakota State,https://www.basketball-reference.com//players/w/woltena01.html,193.0,190,https://www.sports-reference.com/cbb/players/nate-wolters-1.html
Jeff Withey,39,2013,Kansas,https://www.basketball-reference.com//players/w/witheje01.html,213.4,231,https://www.sports-reference.com/cbb/players/jeff-withey-1.html
Grant Jerrett,40,2013,Arizona,https://www.basketball-reference.com//players/j/jerregr01.html,208.3,235,https://www.sports-reference.com/cbb/players/grant-jerrett-1.html
Jamaal Franklin,41,2013,San Diego State,https://www.basketball-reference.com//players/f/frankja01.html,195.6,191,https://www.sports-reference.com/cbb/players/jamaal-franklin-1.html
Pierre Jackson,42,2013,Baylor,https://www.basketball-reference.com//players/j/jackspi01.html,177.8,180,https://www.sports-reference.com/cbb/players/pierre-jackson-1.html
Ricky Ledo,43,2013,Providence,https://www.basketball-reference.com//players/l/ledori01.html,200.7,195,
Mike Muscala,44,2013,Bucknell,https://www.basketball-reference.com//players/m/muscami01.html,208.3,240,https://www.sports-reference.com/cbb/players/mike-muscala-1.html
Marko Todorović,45,2013,,https://www.basketball-reference.com//players/t/todorma01.html,208.3,243,
Erick Green,46,2013,Virginia Tech,https://www.basketball-reference.com//players/g/greener01.html,193.0,185,https://www.sports-reference.com/cbb/players/erick-green-1.html
Raul Neto,47,2013,,https://www.basketball-reference.com//players/n/netora01.html,185.4,180,
Ryan Kelly,48,2013,Duke,https://www.basketball-reference.com//players/k/kellyry01.html,210.8,230,https://www.sports-reference.com/cbb/players/ryan-kelly-3.html
Erik Murphy,49,2013,Florida,https://www.basketball-reference.com//players/m/murpher01.html,208.3,230,https://www.sports-reference.com/cbb/players/erik-murphy-1.html
James Ennis,50,2013,Cal State Long Beach,https://www.basketball-reference.com//players/e/ennisja01.html,198.1,215,https://www.sports-reference.com/cbb/players/james-ennis-1.html
Romero Osby,51,2013,Oklahoma,https://www.basketball-reference.com//players/o/osbyro01.html,203.2,240,https://www.sports-reference.com/cbb/players/romero-osby-1.html
Lorenzo Brown,52,2013,NC State,https://www.basketball-reference.com//players/b/brownlo01.html,195.6,189,https://www.sports-reference.com/cbb/players/lorenzo-brown-1.html
Colton Iverson,53,2013,Colorado State,https://www.basketball-reference.com//players/i/iversco01.html,213.4,255,https://www.sports-reference.com/cbb/players/colton-iverson-1.html
Arsalan Kazemi,54,2013,Oregon,https://www.basketball-reference.com//players/k/kazemar01.html,200.7,226,https://www.sports-reference.com/cbb/players/arsalan-kazemi-1.html
Joffrey Lauvergne,55,2013,,https://www.basketball-reference.com//players/l/lauvejo01.html,210.8,220,
Peyton Siva,56,2013,Louisville,https://www.basketball-reference.com//players/s/sivape01.html,182.9,185,https://www.sports-reference.com/cbb/players/peyton-siva-1.html
Alex Oriakhi,57,2013,Missouri,https://www.basketball-reference.com//players/o/oriakal01.html,205.7,255,https://www.sports-reference.com/cbb/players/alex-oriakhi-1.html
Deshaun Thomas,58,2013,Ohio State,https://www.basketball-reference.com//players/t/thomade01.html,200.7,215,https://www.sports-reference.com/cbb/players/deshaun-thomas-1.html
Bojan Dubljević,59,2013,,https://www.basketball-reference.com//players/d/dubljbo01.html,205.7,235,
Jānis Timma,60,2013,,https://www.basketball-reference.com//players/t/timmaja01.html,200.7,224,
Andrew Wiggins,1,2014,Kansas,https://www.basketball-reference.com//players/w/wiggian01.html,200.7,197,https://www.sports-reference.com/cbb/players/andrew-wiggins-1.html
Jabari Parker,2,2014,Duke,https://www.basketball-reference.com//players/p/parkeja01.html,203.2,245,https://www.sports-reference.com/cbb/players/jabari-parker-1.html
Joel Embiid,3,2014,Kansas,https://www.basketball-reference.com//players/e/embiijo01.html,213.4,280,https://www.sports-reference.com/cbb/players/joel-embiid-1.html
Aaron Gordon,4,2014,Arizona,https://www.basketball-reference.com//players/g/gordoaa01.html,203.2,235,https://www.sports-reference.com/cbb/players/aaron-gordon-1.html
Dante Exum,5,2014,,https://www.basketball-reference.com//players/e/exumda01.html,195.6,214,
Marcus Smart,6,2014,Oklahoma State,https://www.basketball-reference.com//players/s/smartma01.html,190.5,220,https://www.sports-reference.com/cbb/players/marcus-smart-1.html
Julius Randle,7,2014,Kentucky,https://www.basketball-reference.com//players/r/randlju01.html,203.2,250,https://www.sports-reference.com/cbb/players/julius-randle-1.html
Nik Stauskas,8,2014,Michigan,https://www.basketball-reference.com//players/s/stausni01.html,198.1,205,https://www.sports-reference.com/cbb/players/nik-stauskas-1.html
Noah Vonleh,9,2014,Indiana,https://www.basketball-reference.com//players/v/vonleno01.html,208.3,257,https://www.sports-reference.com/cbb/players/noah-vonleh-1.html
Elfrid Payton,10,2014,Louisiana,https://www.basketball-reference.com//players/p/paytoel01.html,190.5,195,https://www.sports-reference.com/cbb/players/elfrid-payton-1.html
Doug McDermott,11,2014,Creighton,https://www.basketball-reference.com//players/m/mcderdo01.html,200.7,225,https://www.sports-reference.com/cbb/players/doug-mcdermott-1.html
Dario Šarić,12,2014,,https://www.basketball-reference.com//players/s/saricda01.html,208.3,225,
Zach LaVine,13,2014,UCLA,https://www.basketball-reference.com//players/l/lavinza01.html,195.6,200,https://www.sports-reference.com/cbb/players/zach-lavine-1.html
T.J. Warren,14,2014,NC State,https://www.basketball-reference.com//players/w/warretj01.html,203.2,220,https://www.sports-reference.com/cbb/players/tj-warren-1.html
Adreian Payne,15,2014,Michigan State,https://www.basketball-reference.com//players/p/paynead01.html,208.3,237,https://www.sports-reference.com/cbb/players/adreian-payne-1.html
Jusuf Nurkić,16,2014,,https://www.basketball-reference.com//players/n/nurkiju01.html,210.8,290,
James Young,17,2014,Kentucky,https://www.basketball-reference.com//players/y/youngja01.html,198.1,215,https://www.sports-reference.com/cbb/players/james-young-1.html
Tyler Ennis,18,2014,Syracuse,https://www.basketball-reference.com//players/e/ennisty01.html,190.5,194,https://www.sports-reference.com/cbb/players/tyler-ennis-1.html
Gary Harris,19,2014,Michigan State,https://www.basketball-reference.com//players/h/harriga01.html,193.0,210,https://www.sports-reference.com/cbb/players/gary-harris-1.html
Bruno Caboclo,20,2014,,https://www.basketball-reference.com//players/c/cabocbr01.html,205.7,218,
Mitch McGary,21,2014,Michigan,https://www.basketball-reference.com//players/m/mcgarmi01.html,208.3,255,https://www.sports-reference.com/cbb/players/mitch-mcgary-1.html
Jordan Adams,22,2014,UCLA,https://www.basketball-reference.com//players/a/adamsjo01.html,195.6,209,https://www.sports-reference.com/cbb/players/jordan-adams-1.html
Rodney Hood,23,2014,Duke,https://www.basketball-reference.com//players/h/hoodro01.html,203.2,208,https://www.sports-reference.com/cbb/players/rodney-hood-1.html
Shabazz Napier,24,2014,UConn,https://www.basketball-reference.com//players/n/napiesh01.html,182.9,175,https://www.sports-reference.com/cbb/players/shabazz-napier-1.html
Clint Capela,25,2014,,https://www.basketball-reference.com//players/c/capelca01.html,208.3,240,
P.J. Hairston,26,2014,UNC,https://www.basketball-reference.com//players/h/hairspj02.html,198.1,230,https://www.sports-reference.com/cbb/players/pj-hairston-1.html
Bogdan Bogdanović,27,2014,,https://www.basketball-reference.com//players/b/bogdabo01.html,198.1,220,
C.J. Wilcox,28,2014,Washington,https://www.basketball-reference.com//players/w/wilcocj01.html,195.6,195,https://www.sports-reference.com/cbb/players/cj-wilcox-1.html
Josh Huestis,29,2014,Stanford,https://www.basketball-reference.com//players/h/huestjo01.html,200.7,230,https://www.sports-reference.com/cbb/players/josh-huestis-1.html
Kyle Anderson,30,2014,UCLA,https://www.basketball-reference.com//players/a/anderky01.html,205.7,230,https://www.sports-reference.com/cbb/players/kyle-anderson-3.html
Damien Inglis,31,2014,,https://www.basketball-reference.com//players/i/inglida01.html,203.2,246,
K.J. McDaniels,32,2014,Clemson,https://www.basketball-reference.com//players/m/mcdankj01.html,198.1,205,https://www.sports-reference.com/cbb/players/kj-mcdaniels-1.html
Joe Harris,33,2014,Virginia,https://www.basketball-reference.com//players/h/harrijo01.html,198.1,220,https://www.sports-reference.com/cbb/players/joe-harris--1.html
Cleanthony Early,34,2014,Wichita State,https://www.basketball-reference.com//players/e/earlycl01.html,203.2,210,https://www.sports-reference.com/cbb/players/cleanthony-early-1.html
Jarnell Stokes,35,2014,Tennessee,https://www.basketball-reference.com//players/s/stokeja01.html,205.7,263,https://www.sports-reference.com/cbb/players/jarnell-stokes-1.html
Johnny O'Bryant,36,2014,LSU,https://www.basketball-reference.com//players/o/obryajo01.html,205.7,257,https://www.sports-reference.com/cbb/players/johnny-obryant-1.html
DeAndre Daniels,37,2014,UConn,https://www.basketball-reference.com//players/d/daniede01.html,205.7,195,https://www.sports-reference.com/cbb/players/deandre-daniels-1.html
Spencer Dinwiddie,38,2014,Colorado,https://www.basketball-reference.com//players/d/dinwisp01.html,195.6,215,https://www.sports-reference.com/cbb/players/spencer-dinwiddie-1.html
Jerami Grant,39,2014,Syracuse,https://www.basketball-reference.com//players/g/grantje01.html,203.2,210,https://www.sports-reference.com/cbb/players/jerami-grant-1.html
Glenn Robinson III,40,2014,Michigan,https://www.basketball-reference.com//players/r/robingl02.html,198.1,222,https://www.sports-reference.com/cbb/players/glenn-robinson-2.html
Nikola Jokić,41,2014,,https://www.basketball-reference.com//players/j/jokicni01.html,210.8,284,
Nick Johnson,42,2014,Arizona,https://www.basketball-reference.com//players/j/johnsni01.html,190.5,202,https://www.sports-reference.com/cbb/players/nick-johnson-1.html
Edy Tavares,43,2014,,https://www.basketball-reference.com//players/t/tavarwa01.html,221.0,260,
Markel Brown,44,2014,Oklahoma State,https://www.basketball-reference.com//players/b/brownma02.html,190.5,190,https://www.sports-reference.com/cbb/players/markel-brown-1.html
Dwight Powell,45,2014,Stanford,https://www.basketball-reference.com//players/p/poweldw01.html,208.3,240,https://www.sports-reference.com/cbb/players/dwight-powell-1.html
Jordan Clarkson,46,2014,Missouri,https://www.basketball-reference.com//players/c/clarkjo01.html,193.0,194,https://www.sports-reference.com/cbb/players/jordan-clarkson-1.html
Russ Smith,47,2014,Louisville,https://www.basketball-reference.com//players/s/smithru01.html,182.9,165,https://www.sports-reference.com/cbb/players/russ-smith-1.html
Lamar Patterson,48,2014,Pitt,https://www.basketball-reference.com//players/p/pattela01.html,195.6,225,https://www.sports-reference.com/cbb/players/lamar-patterson-1.html
Cameron Bairstow,49,2014,New Mexico,https://www.basketball-reference.com//players/b/bairsca01.html,205.7,250,https://www.sports-reference.com/cbb/players/cameron-bairstow-1.html
Alec Brown,50,2014,Green Bay,https://www.basketball-reference.com//players/b/brownal01.html,215.9,235,https://www.sports-reference.com/cbb/players/alec-brown-1.html
Thanasis Antetokounmpo,51,2014,,https://www.basketball-reference.com//players/a/antetth01.html,198.1,219,
Vasilije Micić,52,2014,,https://www.basketball-reference.com//players/m/micicva01.html,195.6,200,
Alessandro Gentile,53,2014,,https://www.basketball-reference.com//players/g/gential01.html,200.7,230,
Nemanja Dangubić,54,2014,,https://www.basketball-reference.com//players/d/dangune01.html,203.2,193,
Semaj Christon,55,2014,Xavier,https://www.basketball-reference.com//players/c/chrisse01.html,190.5,190,https://www.sports-reference.com/cbb/players/semaj-christon-1.html
Devyn Marble,56,2014,Iowa,https://www.basketball-reference.com//players/m/marblde01.html,198.1,200,https://www.sports-reference.com/cbb/players/roy-devyn-marble-1.html
Louis Labeyrie,57,2014,,https://www.basketball-reference.com//players/l/labeylo01.html,208.3,200,
Jordan McRae,58,2014,Tennessee,https://www.basketball-reference.com//players/m/mcraejo01.html,195.6,179,https://www.sports-reference.com/cbb/players/jordan-mcrae-1.html
Xavier Thames,59,2014,San Diego State,https://www.basketball-reference.com//players/t/thamexa01.html,190.5,195,https://www.sports-reference.com/cbb/players/xavier-thames-1.html
Cory Jefferson,60,2014,Baylor,https://www.basketball-reference.com//players/j/jeffeco01.html,205.7,218,https://www.sports-reference.com/cbb/players/cory-jefferson-1.html
Karl-Anthony Towns,1,2015,Kentucky,https://www.basketball-reference.com//players/t/townska01.html,210.8,248,https://www.sports-reference.com/cbb/players/karl-anthony-towns-1.html
D'Angelo Russell,2,2015,Ohio State,https://www.basketball-reference.com//players/r/russeda01.html,193.0,193,https://www.sports-reference.com/cbb/players/dangelo-russell-1.html
Jahlil Okafor,3,2015,Duke,https://www.basketball-reference.com//players/o/okafoja01.html,208.3,270,https://www.sports-reference.com/cbb/players/jahlil-okafor-1.html
Kristaps Porziņģis,4,2015,,https://www.basketball-reference.com//players/p/porzikr01.html,221.0,240,
Mario Hezonja,5,2015,,https://www.basketball-reference.com//players/h/hezonma01.html,203.2,220,
Willie Cauley-Stein,6,2015,Kentucky,https://www.basketball-reference.com//players/c/caulewi01.html,213.4,240,https://www.sports-reference.com/cbb/players/willie-cauley-stein-1.html
Emmanuel Mudiay,7,2015,,https://www.basketball-reference.com//players/m/mudiaem01.html,190.5,200,
Stanley Johnson,8,2015,Arizona,https://www.basketball-reference.com//players/j/johnsst04.html,198.1,242,https://www.sports-reference.com/cbb/players/stanley-johnson-1.html
Frank Kaminsky,9,2015,Wisconsin,https://www.basketball-reference.com//players/k/kaminfr01.html,213.4,240,https://www.sports-reference.com/cbb/players/frank-kaminsky-1.html
Justise Winslow,10,2015,Duke,https://www.basketball-reference.com//players/w/winslju01.html,198.1,222,https://www.sports-reference.com/cbb/players/justise-winslow-1.html
Myles Turner,11,2015,Texas,https://www.basketball-reference.com//players/t/turnemy01.html,210.8,250,https://www.sports-reference.com/cbb/players/myles-turner-1.html
Trey Lyles,12,2015,Kentucky,https://www.basketball-reference.com//players/l/lylestr01.html,205.7,234,https://www.sports-reference.com/cbb/players/trey-lyles-1.html
Devin Booker,13,2015,Kentucky,https://www.basketball-reference.com//players/b/bookede01.html,195.6,206,https://www.sports-reference.com/cbb/players/devin-booker-2.html
Cameron Payne,14,2015,Murray State,https://www.basketball-reference.com//players/p/payneca01.html,185.4,183,https://www.sports-reference.com/cbb/players/cameron-payne-1.html
Kelly Oubre Jr.,15,2015,Kansas,https://www.basketball-reference.com//players/o/oubreke01.html,200.7,203,https://www.sports-reference.com/cbb/players/kelly-oubre-1.html
Terry Rozier,16,2015,Louisville,https://www.basketball-reference.com//players/r/roziete01.html,185.4,190,https://www.sports-reference.com/cbb/players/terry-rozier-1.html
Rashad Vaughn,17,2015,UNLV,https://www.basketball-reference.com//players/v/vaughra01.html,198.1,202,https://www.sports-reference.com/cbb/players/rashad-vaughn-1.html
Sam Dekker,18,2015,Wisconsin,https://www.basketball-reference.com//players/d/dekkesa01.html,205.7,230,https://www.sports-reference.com/cbb/players/sam-dekker-1.html
Jerian Grant,19,2015,Notre Dame,https://www.basketball-reference.com//players/g/grantje02.html,193.0,205,https://www.sports-reference.com/cbb/players/jerian-grant-1.html
Delon Wright,20,2015,Utah,https://www.basketball-reference.com//players/w/wrighde01.html,195.6,185,https://www.sports-reference.com/cbb/players/delon-wright-1.html
Justin Anderson,21,2015,Virginia,https://www.basketball-reference.com//players/a/anderju01.html,198.1,230,https://www.sports-reference.com/cbb/players/justin-anderson-1.html
Bobby Portis,22,2015,Arkansas,https://www.basketball-reference.com//players/p/portibo01.html,208.3,250,https://www.sports-reference.com/cbb/players/bobby-portis-1.html
Rondae Hollis-Jefferson,23,2015,Arizona,https://www.basketball-reference.com//players/h/holliro01.html,198.1,217,https://www.sports-reference.com/cbb/players/rondae-hollis-jefferson-1.html
Tyus Jones,24,2015,Duke,https://www.basketball-reference.com//players/j/jonesty01.html,182.9,196,https://www.sports-reference.com/cbb/players/tyus-jones-1.html
Jarell Martin,25,2015,LSU,https://www.basketball-reference.com//players/m/martija01.html,208.3,239,https://www.sports-reference.com/cbb/players/jarell-martin-1.html
Nikola Milutinov,26,2015,,https://www.basketball-reference.com//players/m/milutni01.html,210.8,235,
Larry Nance Jr.,27,2015,Wyoming,https://www.basketball-reference.com//players/n/nancela02.html,200.7,245,https://www.sports-reference.com/cbb/players/larry-nance-2.html
R.J. Hunter,28,2015,Georgia State University,https://www.basketball-reference.com//players/h/hunterj01.html,195.6,185,https://www.sports-reference.com/cbb/players/rj-hunter-1.html
Chris McCullough,29,2015,Syracuse,https://www.basketball-reference.com//players/m/mcculch01.html,210.8,200,https://www.sports-reference.com/cbb/players/chris-mccullough-1.html
Kevon Looney,30,2015,UCLA,https://www.basketball-reference.com//players/l/looneke01.html,205.7,222,https://www.sports-reference.com/cbb/players/kevon-looney-1.html
Cedi Osman,31,2015,,https://www.basketball-reference.com//players/o/osmande01.html,200.7,230,
Montrezl Harrell,32,2015,Louisville,https://www.basketball-reference.com//players/h/harremo01.html,200.7,240,https://www.sports-reference.com/cbb/players/montrezl-harrell-1.html
Jordan Mickey,33,2015,LSU,https://www.basketball-reference.com//players/m/mickejo01.html,203.2,235,https://www.sports-reference.com/cbb/players/jordan-mickey-1.html
Anthony Brown,34,2015,Stanford,https://www.basketball-reference.com//players/b/brownan02.html,200.7,210,https://www.sports-reference.com/cbb/players/anthony-brown-5.html
Willy Hernangómez,35,2015,,https://www.basketball-reference.com//players/h/hernawi01.html,210.8,250,
Rakeem Christmas,36,2015,Syracuse,https://www.basketball-reference.com//players/c/chrisra01.html,205.7,250,https://www.sports-reference.com/cbb/players/rakeem-christmas-1.html
Richaun Holmes,37,2015,Bowling Green,https://www.basketball-reference.com//players/h/holmeri01.html,208.3,235,https://www.sports-reference.com/cbb/players/richaun-holmes-1.html
Darrun Hilliard,38,2015,Villanova,https://www.basketball-reference.com//players/h/hillida01.html,198.1,205,https://www.sports-reference.com/cbb/players/darrun-hilliard-1.html
Juan Pablo Vaulet,39,2015,,https://www.basketball-reference.com//players/v/vauleju01.html,198.1,200,
Josh Richardson,40,2015,Tennessee,https://www.basketball-reference.com//players/r/richajo01.html,195.6,200,https://www.sports-reference.com/cbb/players/josh-richardson-2.html
Pat Connaughton,41,2015,Notre Dame,https://www.basketball-reference.com//players/c/connapa01.html,195.6,209,https://www.sports-reference.com/cbb/players/pat-connaughton-1.html
Olivier Hanlan,42,2015,Boston College,https://www.basketball-reference.com//players/h/hanlaol01.html,193.0,190,https://www.sports-reference.com/cbb/players/olivier-hanlan-1.html
Joe Young,43,2015,Oregon,https://www.basketball-reference.com//players/y/youngjo01.html,188.0,180,https://www.sports-reference.com/cbb/players/joseph-young-1.html
Andrew Harrison,44,2015,Kentucky,https://www.basketball-reference.com//players/h/harrian01.html,198.1,213,https://www.sports-reference.com/cbb/players/andrew-harrison-1.html
Marcus Thornton,45,2015,William & Mary,https://www.basketball-reference.com//players/t/thornma02.html,193.0,190,https://www.sports-reference.com/cbb/players/marcus-thornton-3.html
Norman Powell,46,2015,UCLA,https://www.basketball-reference.com//players/p/powelno01.html,190.5,215,https://www.sports-reference.com/cbb/players/norman-powell-1.html
Artūras Gudaitis,47,2015,,https://www.basketball-reference.com//players/g/gudaiar01.html,208.3,254,
Dakari Johnson,48,2015,Kentucky,https://www.basketball-reference.com//players/j/johnsda04.html,213.4,255,https://www.sports-reference.com/cbb/players/dakari-johnson-1.html
Aaron White,49,2015,Iowa,https://www.basketball-reference.com//players/w/whiteaa01.html,205.7,210,https://www.sports-reference.com/cbb/players/aaron-white-3.html
Marcus Eriksson,50,2015,,https://www.basketball-reference.com//players/e/eriksma01.html,200.7,178,
Tyler Harvey,51,2015,Eastern Washington,https://www.basketball-reference.com//players/h/harvety01.html,193.0,185,https://www.sports-reference.com/cbb/players/tyler-harvey-1.html
Satnam Singh,52,2015,,https://www.basketball-reference.com//players/s/singhsa01.html,218.4,290,
Sir'Dominic Pointer,53,2015,St. John's,https://www.basketball-reference.com//players/p/pointsi01.html,198.1,192,https://www.sports-reference.com/cbb/players/sirdominic-pointer-1.html
Dani Díez,54,2015,,https://www.basketball-reference.com//players/d/diezda01.html,200.7,212,
Cady Lalanne,55,2015,UMass,https://www.basketball-reference.com//players/l/lalanca01.html,208.3,253,https://www.sports-reference.com/cbb/players/cady-lalanne-1.html
Branden Dawson,56,2015,Michigan State,https://www.basketball-reference.com//players/d/dawsobr01.html,198.1,225,https://www.sports-reference.com/cbb/players/branden-dawson-1.html
Nikola Radičević,57,2015,,https://www.basketball-reference.com//players/r/radicni01.html,198.1,200,
J.P. Tokoto,58,2015,UNC,https://www.basketball-reference.com//players/t/tokotjp01.html,198.1,200,https://www.sports-reference.com/cbb/players/jp-tokoto-1.html
Dimitrios Agravanis,59,2015,,https://www.basketball-reference.com//players/a/agravdi01.html,208.3,235,
Luka Mitrović,60,2015,,https://www.basketball-reference.com//players/m/mitrolu01.html,205.7,230,
Ben Simmons,1,2016,LSU,https://www.basketball-reference.com//players/s/simmobe01.html,210.8,240,https://www.sports-reference.com/cbb/players/ben-simmons-1.html
Brandon Ingram,2,2016,Duke,https://www.basketball-reference.com//players/i/ingrabr01.html,203.2,190,https://www.sports-reference.com/cbb/players/brandon-ingram-1.html
Jaylen Brown,3,2016,California,https://www.basketball-reference.com//players/b/brownja02.html,198.1,223,https://www.sports-reference.com/cbb/players/jaylen-brown-1.html
Dragan Bender,4,2016,,https://www.basketball-reference.com//players/b/bendedr01.html,213.4,225,
Kris Dunn,5,2016,Providence,https://www.basketball-reference.com//players/d/dunnkr01.html,190.5,205,https://www.sports-reference.com/cbb/players/kris-dunn-1.html
Buddy Hield,6,2016,Oklahoma,https://www.basketball-reference.com//players/h/hieldbu01.html,193.0,220,https://www.sports-reference.com/cbb/players/buddy-hield-1.html
Jamal Murray,7,2016,Kentucky,https://www.basketball-reference.com//players/m/murraja01.html,190.5,215,https://www.sports-reference.com/cbb/players/jamal-murray-1.html
Marquese Chriss,8,2016,Washington,https://www.basketball-reference.com//players/c/chrisma01.html,205.7,240,https://www.sports-reference.com/cbb/players/marquese-chriss-1.html
Jakob Poeltl,9,2016,Utah,https://www.basketball-reference.com//players/p/poeltja01.html,215.9,245,https://www.sports-reference.com/cbb/players/jakob-poeltl-1.html
Thon Maker,10,2016,,https://www.basketball-reference.com//players/m/makerth01.html,213.4,221,
Domantas Sabonis,11,2016,Gonzaga,https://www.basketball-reference.com//players/s/sabondo01.html,210.8,240,https://www.sports-reference.com/cbb/players/domantas-sabonis-1.html
Taurean Prince,12,2016,Baylor,https://www.basketball-reference.com//players/p/princta02.html,200.7,218,https://www.sports-reference.com/cbb/players/taurean-prince-1.html
Georgios Papagiannis,13,2016,,https://www.basketball-reference.com//players/p/papagge01.html,215.9,240,
Denzel Valentine,14,2016,Michigan State,https://www.basketball-reference.com//players/v/valende01.html,193.0,220,https://www.sports-reference.com/cbb/players/denzel-valentine-1.html
Juan Hernangómez,15,2016,,https://www.basketball-reference.com//players/h/hernaju01.html,205.7,214,
Guerschon Yabusele,16,2016,,https://www.basketball-reference.com//players/y/yabusgu01.html,203.2,260,
Wade Baldwin,17,2016,Vanderbilt,https://www.basketball-reference.com//players/b/baldwwa01.html,193.0,200,https://www.sports-reference.com/cbb/players/wade-baldwin-1.html
Henry Ellenson,18,2016,Marquette,https://www.basketball-reference.com//players/e/ellenhe01.html,208.3,240,https://www.sports-reference.com/cbb/players/henry-ellenson-1.html
Malik Beasley,19,2016,Florida State,https://www.basketball-reference.com//players/b/beaslma01.html,193.0,187,https://www.sports-reference.com/cbb/players/malik-beasley-1.html
Caris LeVert,20,2016,Michigan,https://www.basketball-reference.com//players/l/leverca01.html,198.1,205,https://www.sports-reference.com/cbb/players/caris-levert-1.html
DeAndre' Bembry,21,2016,Saint Joseph's,https://www.basketball-reference.com//players/b/bembrde01.html,195.6,210,https://www.sports-reference.com/cbb/players/deandre-bembry-1.html
Malachi Richardson,22,2016,Syracuse,https://www.basketball-reference.com//players/r/richama01.html,198.1,205,https://www.sports-reference.com/cbb/players/malachi-richardson-1.html
Ante Žižić,23,2016,,https://www.basketball-reference.com//players/z/zizican01.html,208.3,266,
Timothé Luwawu-Cabarrot,24,2016,,https://www.basketball-reference.com//players/l/luwawti01.html,200.7,220,
Brice Johnson,25,2016,UNC,https://www.basketball-reference.com//players/j/johnsbr02.html,208.3,230,https://www.sports-reference.com/cbb/players/brice-johnson-1.html
Furkan Korkmaz,26,2016,,https://www.basketball-reference.com//players/k/korkmfu01.html,200.7,202,
Pascal Siakam,27,2016,New Mexico State,https://www.basketball-reference.com//players/s/siakapa01.html,205.7,230,https://www.sports-reference.com/cbb/players/pascal-siakam-1.html
Skal Labissière,28,2016,Kentucky,https://www.basketball-reference.com//players/l/labissk01.html,208.3,235,https://www.sports-reference.com/cbb/players/skal-labissiere-1.html
Dejounte Murray,29,2016,Washington,https://www.basketball-reference.com//players/m/murrade01.html,193.0,180,https://www.sports-reference.com/cbb/players/dejounte-murray-1.html
Damian Jones,30,2016,Vanderbilt,https://www.basketball-reference.com//players/j/jonesda03.html,210.8,245,https://www.sports-reference.com/cbb/players/damian-jones-1.html
Deyonta Davis,31,2016,Michigan State,https://www.basketball-reference.com//players/d/davisde01.html,210.8,237,https://www.sports-reference.com/cbb/players/deyonta-davis-1.html
Ivica Zubac,32,2016,,https://www.basketball-reference.com//players/z/zubaciv01.html,213.4,240,
Cheick Diallo,33,2016,Kansas,https://www.basketball-reference.com//players/d/diallch01.html,203.2,219,https://www.sports-reference.com/cbb/players/cheick-diallo-1.html
Tyler Ulis,34,2016,Kentucky,https://www.basketball-reference.com//players/u/ulisty01.html,177.8,160,https://www.sports-reference.com/cbb/players/tyler-ulis-1.html
Rade Zagorac,35,2016,,https://www.basketball-reference.com//players/z/zagorra01.html,205.7,202,
Malcolm Brogdon,36,2016,Virginia,https://www.basketball-reference.com//players/b/brogdma01.html,195.6,229,https://www.sports-reference.com/cbb/players/malcolm-brogdon-1.html
Chinanu Onuaku,37,2016,Louisville,https://www.basketball-reference.com//players/o/onuakch01.html,208.3,245,https://www.sports-reference.com/cbb/players/chinanu-onuaku-1.html
Patrick McCaw,38,2016,UNLV,https://www.basketball-reference.com//players/m/mccawpa01.html,200.7,181,https://www.sports-reference.com/cbb/players/patrick-mccaw-1.html
David Michineau,39,2016,,https://www.basketball-reference.com//players/m/michida01.html,193.0,180,
Diamond Stone,40,2016,Maryland,https://www.basketball-reference.com//players/s/stonedi01.html,210.8,255,https://www.sports-reference.com/cbb/players/diamond-stone-1.html
Stephen Zimmerman,41,2016,UNLV,https://www.basketball-reference.com//players/z/zimmest01.html,213.4,240,https://www.sports-reference.com/cbb/players/stephen-zimmermanjr-1.html
Isaiah Whitehead,42,2016,Seton Hall,https://www.basketball-reference.com//players/w/whiteis01.html,193.0,213,https://www.sports-reference.com/cbb/players/isaiah-whitehead-1.html
Zhou Qi,43,2016,,https://www.basketball-reference.com//players/q/qizh01.html,215.9,210,
Isaïa Cordinier,44,2016,,https://www.basketball-reference.com//players/c/cordiis01.html,193.0,180,
Demetrius Jackson,45,2016,Notre Dame,https://www.basketball-reference.com//players/j/jacksde01.html,185.4,201,https://www.sports-reference.com/cbb/players/demetrius-jackson-2.html
A.J. Hammons,46,2016,Purdue,https://www.basketball-reference.com//players/h/hammoaj01.html,213.4,260,https://www.sports-reference.com/cbb/players/aj-hammons-1.html
Jake Layman,47,2016,Maryland,https://www.basketball-reference.com//players/l/laymaja01.html,203.2,209,https://www.sports-reference.com/cbb/players/jake-layman-1.html
Paul Zipser,48,2016,,https://www.basketball-reference.com//players/z/zipsepa01.html,203.2,215,
Michael Gbinije,49,2016,Syracuse,https://www.basketball-reference.com//players/g/gbinimi01.html,200.7,200,https://www.sports-reference.com/cbb/players/michael-gbinije-1.html
Georges Niang,50,2016,Iowa State,https://www.basketball-reference.com//players/n/niangge01.html,200.7,230,https://www.sports-reference.com/cbb/players/georges-niang-1.html
Ben Bentil,51,2016,Providence,https://www.basketball-reference.com//players/b/bentibe01.html,205.7,235,https://www.sports-reference.com/cbb/players/ben-bentil-1.html
Joel Bolomboy,52,2016,Weber State,https://www.basketball-reference.com//players/b/bolomjo01.html,205.7,235,https://www.sports-reference.com/cbb/players/joel-bolomboy-1.html
Petr Cornelie,53,2016,,https://www.basketball-reference.com//players/c/cornepe01.html,210.8,220,
Kay Felder,54,2016,Oakland,https://www.basketball-reference.com//players/f/feldeka01.html,175.3,176,https://www.sports-reference.com/cbb/players/kahlil-felder-1.html
Marcus Paige,55,2016,UNC,https://www.basketball-reference.com//players/p/paigema01.html,185.4,175,https://www.sports-reference.com/cbb/players/marcus-paige-1.html
Daniel Hamilton,56,2016,UConn,https://www.basketball-reference.com//players/h/hamilda02.html,200.7,195,https://www.sports-reference.com/cbb/players/daniel-hamilton-1.html
Wang Zhelin,57,2016,,https://www.basketball-reference.com//players/s/sheliwa01.html,213.4,220,
Abdel Nader,58,2016,Iowa State,https://www.basketball-reference.com//players/n/naderab01.html,195.6,225,https://www.sports-reference.com/cbb/players/abdel-nader-1.html
Isaiah Cousins,59,2016,Oklahoma,https://www.basketball-reference.com//players/c/cousiis01.html,195.6,191,https://www.sports-reference.com/cbb/players/isaiah-cousins-1.html
Tyrone Wallace,60,2016,California,https://www.basketball-reference.com//players/w/wallaty01.html,195.6,198,https://www.sports-reference.com/cbb/players/tyrone-wallace-1.html
Markelle Fultz,1,2017,Washington,https://www.basketball-reference.com//players/f/fultzma01.html,190.5,209,https://www.sports-reference.com/cbb/players/markelle-fultz-1.html
Lonzo Ball,2,2017,UCLA,https://www.basketball-reference.com//players/b/balllo01.html,198.1,190,https://www.sports-reference.com/cbb/players/lonzo-ball-1.html
Jayson Tatum,3,2017,Duke,https://www.basketball-reference.com//players/t/tatumja01.html,203.2,210,https://www.sports-reference.com/cbb/players/jayson-tatum-1.html
Josh Jackson,4,2017,Kansas,https://www.basketball-reference.com//players/j/jacksjo02.html,203.2,207,https://www.sports-reference.com/cbb/players/josh-jackson-2.html
De'Aaron Fox,5,2017,Kentucky,https://www.basketball-reference.com//players/f/foxde01.html,190.5,185,https://www.sports-reference.com/cbb/players/deaaron-fox-1.html
Jonathan Isaac,6,2017,Florida State,https://www.basketball-reference.com//players/i/isaacjo01.html,210.8,230,https://www.sports-reference.com/cbb/players/jonathan-isaac-1.html
Lauri Markkanen,7,2017,Arizona,https://www.basketball-reference.com//players/m/markkla01.html,213.4,240,https://www.sports-reference.com/cbb/players/lauri-markkanen-1.html
Frank Ntilikina,8,2017,,https://www.basketball-reference.com//players/n/ntilila01.html,193.0,200,
Dennis Smith Jr.,9,2017,NC State,https://www.basketball-reference.com//players/s/smithde03.html,188.0,205,https://www.sports-reference.com/cbb/players/dennis-smithjr-1.html
Zach Collins,10,2017,Gonzaga,https://www.basketball-reference.com//players/c/colliza01.html,210.8,250,https://www.sports-reference.com/cbb/players/zach-collins-1.html
Malik Monk,11,2017,Kentucky,https://www.basketball-reference.com//players/m/monkma01.html,190.5,200,https://www.sports-reference.com/cbb/players/malik-monk-1.html
Luke Kennard,12,2017,Duke,https://www.basketball-reference.com//players/k/kennalu01.html,195.6,206,https://www.sports-reference.com/cbb/players/luke-kennard-1.html
Donovan Mitchell,13,2017,Louisville,https://www.basketball-reference.com//players/m/mitchdo01.html,185.4,215,https://www.sports-reference.com/cbb/players/donovan-mitchell-1.html
Bam Adebayo,14,2017,Kentucky,https://www.basketball-reference.com//players/a/adebaba01.html,205.7,255,https://www.sports-reference.com/cbb/players/edrice-adebayo-1.html
Justin Jackson,15,2017,UNC,https://www.basketball-reference.com//players/j/jacksju01.html,203.2,220,https://www.sports-reference.com/cbb/players/justin-jackson-4.html
Justin Patton,16,2017,Creighton,https://www.basketball-reference.com//players/p/pattoju01.html,210.8,241,https://www.sports-reference.com/cbb/players/justin-patton-1.html
D.J. Wilson,17,2017,Michigan,https://www.basketball-reference.com//players/w/wilsodj01.html,208.3,231,https://www.sports-reference.com/cbb/players/dj-wilson-1.html
T.J. Leaf,18,2017,UCLA,https://www.basketball-reference.com//players/l/leaftj01.html,208.3,222,https://www.sports-reference.com/cbb/players/tj-leaf-1.html
John Collins,19,2017,Wake Forest,https://www.basketball-reference.com//players/c/collijo01.html,205.7,235,https://www.sports-reference.com/cbb/players/john-collins-1.html
Harry Giles,20,2017,Duke,https://www.basketball-reference.com//players/g/gilesha01.html,210.8,240,https://www.sports-reference.com/cbb/players/harry-giles-1.html
Terrance Ferguson,21,2017,,https://www.basketball-reference.com//players/f/fergute01.html,198.1,190,
Jarrett Allen,22,2017,Texas,https://www.basketball-reference.com//players/a/allenja01.html,210.8,243,https://www.sports-reference.com/cbb/players/jarrett-allen-1.html
OG Anunoby,23,2017,Indiana,https://www.basketball-reference.com//players/a/anunoog01.html,200.7,232,https://www.sports-reference.com/cbb/players/og-anunoby-1.html
Tyler Lydon,24,2017,Syracuse,https://www.basketball-reference.com//players/l/lydonty01.html,208.3,225,https://www.sports-reference.com/cbb/players/tyler-lydon-1.html
Anžejs Pasečņiks,25,2017,,https://www.basketball-reference.com//players/p/pasecan01.html,215.9,229,
Caleb Swanigan,26,2017,Purdue,https://www.basketball-reference.com//players/s/swanica01.html,205.7,260,https://www.sports-reference.com/cbb/players/caleb-swanigan-1.html
Kyle Kuzma,27,2017,Utah,https://www.basketball-reference.com//players/k/kuzmaky01.html,208.3,221,https://www.sports-reference.com/cbb/players/kyle-kuzma-1.html
Tony Bradley,28,2017,UNC,https://www.basketball-reference.com//players/b/bradlto01.html,208.3,248,https://www.sports-reference.com/cbb/players/tony-bradley-1.html
Derrick White,29,2017,Colorado,https://www.basketball-reference.com//players/w/whitede01.html,193.0,190,https://www.sports-reference.com/cbb/players/derrick-white-1.html
Josh Hart,30,2017,Villanova,https://www.basketball-reference.com//players/h/hartjo01.html,195.6,215,https://www.sports-reference.com/cbb/players/josh-hart-1.html
Frank Jackson,31,2017,Duke,https://www.basketball-reference.com//players/j/jacksfr01.html,190.5,205,https://www.sports-reference.com/cbb/players/frank-jackson-2.html
Davon Reed,32,2017,Miami (FL),https://www.basketball-reference.com//players/r/reedda01.html,195.6,208,https://www.sports-reference.com/cbb/players/davon-reed-1.html
Wesley Iwundu,33,2017,Kansas State,https://www.basketball-reference.com//players/i/iwundwe01.html,198.1,195,https://www.sports-reference.com/cbb/players/wesley-iwundu-1.html
Frank Mason III,34,2017,Kansas,https://www.basketball-reference.com//players/m/masonfr01.html,180.3,190,https://www.sports-reference.com/cbb/players/frank-mason-1.html
Ivan Rabb,35,2017,California,https://www.basketball-reference.com//players/r/rabbiv01.html,208.3,220,https://www.sports-reference.com/cbb/players/ivan-rabb-1.html
Jonah Bolden,36,2017,,https://www.basketball-reference.com//players/b/boldejo01.html,203.2,220,https://www.sports-reference.com/cbb/players/jonah-bolden-1.html
Semi Ojeleye,37,2017,SMU,https://www.basketball-reference.com//players/o/ojelese01.html,198.1,240,https://www.sports-reference.com/cbb/players/semi-ojeleye-1.html
Jordan Bell,38,2017,Oregon,https://www.basketball-reference.com//players/b/belljo01.html,203.2,216,https://www.sports-reference.com/cbb/players/jordan-bell-1.html
Jawun Evans,39,2017,Oklahoma State,https://www.basketball-reference.com//players/e/evansja01.html,182.9,185,https://www.sports-reference.com/cbb/players/jawun-evans-1.html
Dwayne Bacon,40,2017,Florida State,https://www.basketball-reference.com//players/b/bacondw01.html,198.1,221,https://www.sports-reference.com/cbb/players/dwayne-bacon-1.html
Tyler Dorsey,41,2017,Oregon,https://www.basketball-reference.com//players/d/dorsety01.html,195.6,183,https://www.sports-reference.com/cbb/players/tyler-dorsey-1.html
Thomas Bryant,42,2017,Indiana,https://www.basketball-reference.com//players/b/bryanth01.html,208.3,248,https://www.sports-reference.com/cbb/players/thomas-bryant-1.html
Isaiah Hartenstein,43,2017,,https://www.basketball-reference.com//players/h/harteis01.html,213.4,250,
Damyean Dotson,44,2017,Oregon,https://www.basketball-reference.com//players/d/dotsoda01.html,195.6,210,https://www.sports-reference.com/cbb/players/damyean-dotson-1.html
Dillon Brooks,45,2017,Oregon,https://www.basketball-reference.com//players/b/brookdi01.html,200.7,225,https://www.sports-reference.com/cbb/players/dillon-brooks-1.html
Sterling Brown,46,2017,SMU,https://www.basketball-reference.com//players/b/brownst02.html,195.6,219,https://www.sports-reference.com/cbb/players/sterling-brown-2.html
Ike Anigbogu,47,2017,UCLA,https://www.basketball-reference.com//players/a/anigbik01.html,208.3,250,https://www.sports-reference.com/cbb/players/ike-anigbogu-1.html
Sindarius Thornwell,48,2017,South Carolina,https://www.basketball-reference.com//players/t/thornsi01.html,193.0,215,https://www.sports-reference.com/cbb/players/sindarius-thornwell-1.html
Vlatko Čančar,49,2017,,https://www.basketball-reference.com//players/c/cancavl01.html,203.2,236,
Mathias Lessort,50,2017,,https://www.basketball-reference.com//players/l/lessoma01.html,205.7,240,
Monte Morris,51,2017,Iowa State,https://www.basketball-reference.com//players/m/morrimo01.html,188.0,183,https://www.sports-reference.com/cbb/players/monte-morris-1.html
Edmond Sumner,52,2017,Xavier,https://www.basketball-reference.com//players/s/sumneed01.html,193.0,196,https://www.sports-reference.com/cbb/players/edmond-sumner-1.html
Kadeem Allen,53,2017,Arizona,https://www.basketball-reference.com//players/a/allenka01.html,185.4,200,https://www.sports-reference.com/cbb/players/kadeem-allen-1.html
Alec Peters,54,2017,Valparaiso,https://www.basketball-reference.com//players/p/peteral01.html,205.7,232,https://www.sports-reference.com/cbb/players/alec-peters-1.html
Nigel Williams-Goss,55,2017,Gonzaga,https://www.basketball-reference.com//players/w/willini01.html,188.0,190,https://www.sports-reference.com/cbb/players/nigel-williams-goss-1.html
Jabari Bird,56,2017,California,https://www.basketball-reference.com//players/b/birdja01.html,198.1,198,https://www.sports-reference.com/cbb/players/jabari-bird-1.html
Sasha Vezenkov,57,2017,,https://www.basketball-reference.com//players/v/vezenal01.html,205.7,225,
Ognjen Jaramaz,58,2017,,https://www.basketball-reference.com//players/j/jaramog01.html,193.0,194,
Jaron Blossomgame,59,2017,Clemson,https://www.basketball-reference.com//players/b/blossja01.html,203.2,220,https://www.sports-reference.com/cbb/players/jaron-blossomgame-1.html
Alpha Kaba,60,2017,,https://www.basketball-reference.com//players/k/kabaal01.html,208.3,242,
Deandre Ayton,1,2018,Arizona,https://www.basketball-reference.com//players/a/aytonde01.html,210.8,250,https://www.sports-reference.com/cbb/players/deandre-ayton-1.html
Marvin Bagley III,2,2018,Duke,https://www.basketball-reference.com//players/b/baglema01.html,210.8,235,https://www.sports-reference.com/cbb/players/marvin-bagleyiii-1.html
Luka Dončić,3,2018,,https://www.basketball-reference.com//players/d/doncilu01.html,200.7,230,
Jaren Jackson Jr.,4,2018,Michigan State,https://www.basketball-reference.com//players/j/jacksja02.html,210.8,242,https://www.sports-reference.com/cbb/players/jaren-jacksonjr-1.html
Trae Young,5,2018,Oklahoma,https://www.basketball-reference.com//players/y/youngtr01.html,185.4,180,https://www.sports-reference.com/cbb/players/trae-young-1.html
Mo Bamba,6,2018,Texas,https://www.basketball-reference.com//players/b/bambamo01.html,213.4,231,https://www.sports-reference.com/cbb/players/mohamed-bamba-1.html
Wendell Carter Jr.,7,2018,Duke,https://www.basketball-reference.com//players/c/cartewe01.html,208.3,270,https://www.sports-reference.com/cbb/players/wendell-carterjr-1.html
Collin Sexton,8,2018,Alabama,https://www.basketball-reference.com//players/s/sextoco01.html,185.4,190,https://www.sports-reference.com/cbb/players/collin-sexton-1.html
Kevin Knox,9,2018,Kentucky,https://www.basketball-reference.com//players/k/knoxke01.html,200.7,215,https://www.sports-reference.com/cbb/players/kevin-knox-1.html
Mikal Bridges,10,2018,Villanova,https://www.basketball-reference.com//players/b/bridgmi01.html,198.1,209,https://www.sports-reference.com/cbb/players/mikal-bridges-1.html
Shai Gilgeous-Alexander,11,2018,Kentucky,https://www.basketball-reference.com//players/g/gilgesh01.html,198.1,180,https://www.sports-reference.com/cbb/players/shai-gilgeous-alexander-1.html
Miles Bridges,12,2018,Michigan State,https://www.basketball-reference.com//players/b/bridgmi02.html,198.1,225,https://www.sports-reference.com/cbb/players/miles-bridges-1.html
Jerome Robinson,13,2018,Boston College,https://www.basketball-reference.com//players/r/robinje01.html,193.0,190,https://www.sports-reference.com/cbb/players/jerome-robinson-2.html
Michael Porter Jr.,14,2018,Missouri,https://www.basketball-reference.com//players/p/portemi01.html,208.3,218,https://www.sports-reference.com/cbb/players/michael-porterjr-1.html
Troy Brown Jr.,15,2018,Oregon,https://www.basketball-reference.com//players/b/browntr01.html,198.1,215,https://www.sports-reference.com/cbb/players/troy-brown-5.html
Zhaire Smith,16,2018,Texas Tech,https://www.basketball-reference.com//players/s/smithzh01.html,190.5,205,https://www.sports-reference.com/cbb/players/zhaire-smith-1.html
Donte DiVincenzo,17,2018,Villanova,https://www.basketball-reference.com//players/d/divindo01.html,193.0,203,https://www.sports-reference.com/cbb/players/donte-divincenzo-1.html
Lonnie Walker,18,2018,Miami (FL),https://www.basketball-reference.com//players/w/walkelo01.html,193.0,204,https://www.sports-reference.com/cbb/players/lonnie-walker-2.html
Kevin Huerter,19,2018,Maryland,https://www.basketball-reference.com//players/h/huertke01.html,200.7,190,https://www.sports-reference.com/cbb/players/kevin-huerter-1.html
Josh Okogie,20,2018,Georgia Tech,https://www.basketball-reference.com//players/o/okogijo01.html,193.0,213,https://www.sports-reference.com/cbb/players/josh-okogie-1.html
Grayson Allen,21,2018,Duke,https://www.basketball-reference.com//players/a/allengr01.html,193.0,198,https://www.sports-reference.com/cbb/players/grayson-allen-1.html
Chandler Hutchison,22,2018,Boise State,https://www.basketball-reference.com//players/h/hutchch01.html,198.1,210,https://www.sports-reference.com/cbb/players/chandler-hutchison-1.html
Aaron Holiday,23,2018,UCLA,https://www.basketball-reference.com//players/h/holidaa01.html,182.9,185,https://www.sports-reference.com/cbb/players/aaron-holiday-1.html
Anfernee Simons,24,2018,,https://www.basketball-reference.com//players/s/simonan01.html,190.5,181,
Moritz Wagner,25,2018,Michigan,https://www.basketball-reference.com//players/w/wagnemo01.html,210.8,245,https://www.sports-reference.com/cbb/players/moritz-wagner-1.html
Landry Shamet,26,2018,Wichita State,https://www.basketball-reference.com//players/s/shamela01.html,193.0,190,https://www.sports-reference.com/cbb/players/landry-shamet-1.html
Robert Williams,27,2018,Texas A&M,https://www.basketball-reference.com//players/w/williro04.html,203.2,237,https://www.sports-reference.com/cbb/players/robert-williams-3.html
Jacob Evans,28,2018,Cincinnati,https://www.basketball-reference.com//players/e/evansja02.html,193.0,210,https://www.sports-reference.com/cbb/players/jacob-evans-1.html
Džanan Musa,29,2018,,https://www.basketball-reference.com//players/m/musadz01.html,205.7,217,
Omari Spellman,30,2018,Villanova,https://www.basketball-reference.com//players/s/spellom01.html,203.2,245,https://www.sports-reference.com/cbb/players/omari-spellman-1.html
Elie Okobo,31,2018,,https://www.basketball-reference.com//players/o/okoboel01.html,190.5,190,
Jevon Carter,32,2018,West Virginia,https://www.basketball-reference.com//players/c/carteje01.html,185.4,200,https://www.sports-reference.com/cbb/players/jevon-carter-1.html
Jalen Brunson,33,2018,Villanova,https://www.basketball-reference.com//players/b/brunsja01.html,185.4,190,https://www.sports-reference.com/cbb/players/jalen-brunson-1.html
Devonte' Graham,34,2018,Kansas,https://www.basketball-reference.com//players/g/grahade01.html,185.4,195,https://www.sports-reference.com/cbb/players/devonte-graham-1.html
Melvin Frazier,35,2018,Tulane,https://www.basketball-reference.com//players/f/frazime01.html,195.6,215,https://www.sports-reference.com/cbb/players/melvin-frazier-1.html
Mitchell Robinson,36,2018,,https://www.basketball-reference.com//players/r/robinmi01.html,213.4,240,
Gary Trent Jr.,37,2018,Duke,https://www.basketball-reference.com//players/t/trentga02.html,195.6,209,https://www.sports-reference.com/cbb/players/gary-trentjr-1.html
Khyri Thomas,38,2018,Creighton,https://www.basketball-reference.com//players/t/thomakh01.html,190.5,210,https://www.sports-reference.com/cbb/players/khyri-thomas-1.html
Isaac Bonga,39,2018,,https://www.basketball-reference.com//players/b/bongais01.html,203.2,180,
Rodions Kurucs,40,2018,,https://www.basketball-reference.com//players/k/kurucro01.html,205.7,228,
Jarred Vanderbilt,41,2018,Kentucky,https://www.basketball-reference.com//players/v/vandeja01.html,205.7,214,https://www.sports-reference.com/cbb/players/jarred-vanderbilt-1.html
Bruce Brown,42,2018,Miami (FL),https://www.basketball-reference.com//players/b/brownbr01.html,193.0,202,https://www.sports-reference.com/cbb/players/bruce-brown-2.html
Justin Jackson,43,2018,Maryland,https://www.basketball-reference.com//players/j/jacksju02.html,200.7,225,https://www.sports-reference.com/cbb/players/justin-jackson-5.html
Issuf Sanon,44,2018,,https://www.basketball-reference.com//players/s/sanonis01.html,193.0,172,
Hamidou Diallo,45,2018,Kentucky,https://www.basketball-reference.com//players/d/diallha01.html,195.6,202,https://www.sports-reference.com/cbb/players/hamidou-diallo-1.html
De'Anthony Melton,46,2018,USC,https://www.basketball-reference.com//players/m/meltode01.html,188.0,200,https://www.sports-reference.com/cbb/players/deanthony-melton-1.html
Sviatoslav Mykhailiuk,47,2018,Kansas,https://www.basketball-reference.com//players/m/mykhasv01.html,200.7,205,https://www.sports-reference.com/cbb/players/sviatoslav-mykhailiuk-1.html
Keita Bates-Diop,48,2018,Ohio State,https://www.basketball-reference.com//players/b/bateske01.html,203.2,229,https://www.sports-reference.com/cbb/players/keita-bates-diop-1.html
Chimezie Metu,49,2018,USC,https://www.basketball-reference.com//players/m/metuch01.html,205.7,225,https://www.sports-reference.com/cbb/players/chimezie-metu-1.html
Alize Johnson,50,2018,Missouri State,https://www.basketball-reference.com//players/j/johnsal02.html,200.7,212,https://www.sports-reference.com/cbb/players/alize-johnson-1.html
Tony Carr,51,2018,Penn State,https://www.basketball-reference.com//players/c/carrto01.html,195.6,204,https://www.sports-reference.com/cbb/players/tony-carr-1.html
Vince Edwards,52,2018,Purdue,https://www.basketball-reference.com//players/e/edwarvi01.html,203.2,225,https://www.sports-reference.com/cbb/players/vince-edwards-2.html
Devon Hall,53,2018,Virginia,https://www.basketball-reference.com//players/h/hallde01.html,188.0,215,https://www.sports-reference.com/cbb/players/devon-hall-1.html
Shake Milton,54,2018,SMU,https://www.basketball-reference.com//players/m/miltosh01.html,195.6,205,https://www.sports-reference.com/cbb/players/malik-milton-1.html
Arnoldas Kulboka,55,2018,,https://www.basketball-reference.com//players/k/kulboar01.html,205.7,198,
Ray Spalding,56,2018,Louisville,https://www.basketball-reference.com//players/s/spaldra01.html,208.3,215,https://www.sports-reference.com/cbb/players/raymond-spalding-1.html
Kevin Hervey,57,2018,UT Arlington,https://www.basketball-reference.com//players/h/herveke01.html,205.7,230,https://www.sports-reference.com/cbb/players/kevin-hervey-1.html
Thomas Welsh,58,2018,UCLA,https://www.basketball-reference.com//players/w/welshth01.html,213.4,255,https://www.sports-reference.com/cbb/players/thomas-welsh-1.html
George King,59,2018,Colorado,https://www.basketball-reference.com//players/k/kingge03.html,198.1,225,https://www.sports-reference.com/cbb/players/george-king-1.html
Kostas Antetokounmpo,60,2018,Dayton,https://www.basketball-reference.com//players/a/antetko01.html,208.3,200,https://www.sports-reference.com/cbb/players/kostas-antetokounmpo-1.html
